Medieval Battle 2P,1000,0
Закулисье - поиск ключей,2000,4.5
City Truck Driver,6000,4.0
Закулисье 2 - Выживание,2000,0
Битва за территории - State.io,4000,3.6
Shadow Fighters: Hero Duel,3000,5.0
Ultimate Robo Duel 3D,3000,4.5
Island Monster Offroad,4000,4.0
Grand City Missions,7000,4.2
Закулисье Побег,8000,3.6
Grand City Stunts,2000,0
Квест 8 ночей с Бонни! Фнаф.,3000,4.3
Тест на грамотность!,1000,4.7
Squicky,1000,0
Кто ты из Бравл Старз?,2000,0
Какой ты снайпер?,4000,0
Street Mayhem - Beat 'Em Up,1000,4.5
Epic Merge,500,0
Битва Машин 3Д,2000,4.4
Jet Boat Racing,1000,4.6
Desert Racing,800,0
City Truck Driver,6000,4.0
Ultimate Robo Duel 3D,3000,4.5
Закулисье - поиск ключей,2000,4.5
Grand City Missions,7000,4.2
Закулисье 2 - Выживание,2000,0
Закулисье - поиск ключей,2000,4.5
Island Monster Offroad,4000,4.0
Битва за территории - State.io,4000,3.6
City Truck Driver,6000,4.0
Medieval Battle 2P,1000,0
Grand City Missions,7000,4.2
Ultimate Robo Duel 3D,3000,4.5
Driving school - автошкола,1000,4.4
Какой ты снайпер?,4000,0
Desert Racing,800,0
Idle Crafting Empire Tycoon,1000,0
Standoff 2: Оружие,4000,0
Squicky,1000,0
City Minibus Driver,4000,4.4
ПазлМания: Города,100,0
Street Mayhem - Beat 'Em Up,1000,4.5
Grand City Missions,7000,4.2
Зомби Выживание,1000,3.9
Ultimate Robo Duel 3D,3000,4.5
Какой ты снайпер?,4000,0
